{"coco/bbox_mAP": 0.651, "coco/bbox_mAP_50": 0.967, "coco/bbox_mAP_75": 0.847, "coco/bbox_mAP_s": -1.0, "coco/bbox_mAP_m": -1.0, "coco/bbox_mAP_l": 0.651, "data_time": 0.8289045203815807, "time": 1.17158935286782}