{"coco/AP": 0.5369474682082438, "coco/AP .5": 1.0, "coco/AP .75": 0.511521113594661, "coco/AP (M)": -1.0, "coco/AP (L)": 0.5369474682082438, "coco/AR": 0.5857142857142856, "coco/AR .5": 1.0, "coco/AR .75": 0.6666666666666666, "coco/AR (M)": -1.0, "coco/AR (L)": 0.5857142857142856, "PCK": 0.909297052154195, "AUC": 0.06360544217687077, "NME": 0.058216004144577754, "data_time": 1.2598394950230916, "time": 2.035497864087423}